feature,gain,split
movie_recent_ratio_7_30,8840279.088486671,1085
itemcf_max_sim,1952872.7267153263,1622
graph_pagerank,1357409.7758669853,496
movie_count,202203.73202610016,919
als_score,139386.22836256027,2753
user_mean_rating,91143.09968447685,2263
user_pos_count,80624.41282510757,1329
movie_pos_count,54972.89480352402,913
year_diff,45898.64850521088,1312
movie_mean_rating,29979.306653022766,1249
movie_bayes_rating,29407.66331720352,787
movie_positive_ratio,26072.913231372833,1166
user_count,25801.911671876907,1172
genre_affinity_weighted,13986.304813861847,682
genre_affinity,11452.20487833023,649
user_activity_ratio_30_90,936.7993497848511,99
user_activity_ratio_7_30,916.9861149787903,104
